taxonomy.en-US.txt - Google,https://www.google.com/basepages/producttype/taxonomy.en-US.txt
Changelog-misp-taxonomies.txt,https://www.misp-project.org/Changelog-misp-taxonomies.txt
misp-standard-taxonomy-format.txt,https://www.misp-standard.org/rfc/misp-standard-taxonomy-format.txt
wp-rest-api-pure-taxonomies/readme.txt at master - GitHub,https://github.com/WPPlugins/wp-rest-api-pure-taxonomies/blob/master/readme.txt
openfoodfacts-server/taxonomies/ingredients.txt at main - GitHub,https://github.com/openfoodfacts/openfoodfacts-server/blob/main/taxonomies/ingredients.txt
readme.txt,https://www.jdbbank.com.la/wp-content/plugins/simple-taxonomy-ordering/readme.txt
readme.txt - NACHC,https://www.nachc.org/wp-content/plugins/custom-post-type-ui/readme.txt
readme.txt - StageBuddy.com,https://stagebuddy.com/wp-content/plugins/custom-taxonomy-order-ne/readme.txt
readme.txt - Holistic Animal Clinic,https://holisticanimal.clinic/wp-content/plugins/gravity-forms-custom-post-types/readme.txt
readme.txt,https://www.sentresor.org/app/plugins/super-cpt/readme.txt
