ch19-project2-start/art-small.sql at master - GitHub,https://github.com/funwebdev-2nd-ed/ch19-project2-start/blob/master/art-small.sql
https://raw.githubusercontent.com/baileye/irishPro...,https://raw.githubusercontent.com/baileye/irishPropertyPriceMap/master/data/propertyPriceList.sql
media-harvesters/sql/superunit_changes.sql at master - GitHub,https://github.com/stamen/media-harvesters/blob/master/sql/superunit_changes.sql
Assign4_supp/art.sql 路 master 路 Classes / CS 3500 / a4 路 GitLab,https://git.brandon-rodriguez.com/classes/cs_3500/a4/-/blob/master/Assign4_supp/art.sql
ch19-project2-start/art-small.sql at master - GitHub,https://github.com/funwebdev-2nd-ed/ch19-project2-start/blob/master/art-small.sql
https://raw.githubusercontent.com/baileye/irishPro...,https://raw.githubusercontent.com/baileye/irishPropertyPriceMap/master/data/propertyPriceList.sql
test/database_install.sql at master 路 evanrolfe/test - GitHub,https://github.com/evanrolfe/test/blob/master/database_install.sql
